{"mse": 0.42809467241508586, "r2": 0.32756217184419956}